{
  "benchmark_id": "bench_3675f902_1755021436",
  "server": "filesystem",
  "workload": "Real World Mix",
  "pattern": "mixed",
  "duration": 5.000265121459961,
  "operations_completed": 1617,
  "operations_per_second": 323.38285285318506,
  "errors": 0,
  "error_rate": 0.0,
  "latencies": {
    "min": 0.15807151794433594,
    "max": 48.09904098510742,
    "avg": 1.3147705339987334,
    "median": 0.3910064697265625,
    "p50": 0.3910064697265625,
    "p95": 7.398128509521484,
    "p99": 18.992185592651367,
    "stdev": 3.507813681932322,
    "consistency": 47.65480714282613
  },
  "per_operation": {
    "list_directory": {
      "count": 350,
      "avg_ms": 1.6184268678937639,
      "min_ms": 0.1652240753173828,
      "max_ms": 48.09904098510742
    },
    "get_file_info": {
      "count": 240,
      "avg_ms": 1.0190139214197795,
      "min_ms": 0.1621246337890625,
      "max_ms": 26.507854461669922
    },
    "read_text_file": {
      "count": 454,
      "avg_ms": 1.3704704293070387,
      "min_ms": 0.1728534698486328,
      "max_ms": 33.22124481201172
    },
    "write_file": {
      "count": 326,
      "avg_ms": 1.1579383370335117,
      "min_ms": 0.19979476928710938,
      "max_ms": 20.644664764404297
    },
    "create_directory": {
      "count": 167,
      "avg_ms": 1.330497022160513,
      "min_ms": 0.19598007202148438,
      "max_ms": 30.900955200195312
    },
    "delete_file": {
      "count": 80,
      "avg_ms": 1.1637091636657715,
      "min_ms": 0.15807151794433594,
      "max_ms": 19.399166107177734
    }
  },
  "timestamp": "2025-08-12T13:57:23.795442"
}