{
  "benchmark_id": "bench_7c949ff2_1754951002",
  "server": "filesystem",
  "workload": "Real World Mix",
  "pattern": "mixed",
  "duration": 13.687738180160522,
  "operations_completed": 7403,
  "operations_per_second": 540.8490360175184,
  "errors": 1,
  "error_rate": 0.0001350621285791464,
  "latencies": {
    "min": 0.11086463928222656,
    "max": 40.02213478088379,
    "avg": 0.5519170785584708,
    "median": 0.2658367156982422,
    "p50": 0.2658367156982422,
    "p95": 1.6849040985107422,
    "p99": 3.3867359161376953,
    "stdev": 0.877082866656737,
    "consistency": 26.2202354177452
  },
  "per_operation": {
    "read_text_file": {
      "count": 2218,
      "avg_ms": 0.34844488362345855,
      "min_ms": 0.14734268188476562,
      "max_ms": 22.357940673828125
    },
    "create_directory": {
      "count": 785,
      "avg_ms": 0.3799110461192526,
      "min_ms": 0.1819133758544922,
      "max_ms": 6.486177444458008
    },
    "get_file_info": {
      "count": 1103,
      "avg_ms": 0.26057270150344586,
      "min_ms": 0.1239776611328125,
      "max_ms": 3.5152435302734375
    },
    "list_directory": {
      "count": 1449,
      "avg_ms": 1.3025911040269893,
      "min_ms": 0.2830028533935547,
      "max_ms": 40.02213478088379
    },
    "write_file": {
      "count": 1493,
      "avg_ms": 0.5013874051400024,
      "min_ms": 0.2238750457763672,
      "max_ms": 11.590003967285156
    },
    "delete_file": {
      "count": 355,
      "avg_ms": 0.2572496172407983,
      "min_ms": 0.11086463928222656,
      "max_ms": 3.4787654876708984
    }
  },
  "timestamp": "2025-08-11T18:23:38.530009"
}